{
    "user": {
        "id": 102,
        "first_name": "jdlksfjlsdkk",
        "last_name": "ksdjlkfklk",
        "salutation": "Mr.",
        "name": "skldfjklsdkl",
        "email": "sdfdsdfdf@gmail.com",
        "mobile_no": "9595959",
        "work_phone": "955965665",
        "primary_organisation": "SH8FDJP3",
        "active_organisation": "SH8FDJP3",
        "is_disabled": "0",
        "email_verified_at": null,
        "c_password": null,
        "organisation_id": "SH8FDJP3",
        "created_at": "2024-03-29T12:15:11.000000Z",
        "updated_at": "2024-03-29T12:15:12.000000Z",
        "is_email_verified": "0",
        "email_token": null,
        "enteredbyid": "1",
        "is_vendor": "0",
        "is_customer": "1",
        "customer_type": "Business",
        "company_name": "54545",
        "display_name": "5454545",
        "pan_no": "54564545",
        "payment_terms": "0",
        "gst_no": "41554",
        "place_of_supply": "5454545",
        "tax_preference": "1",
        "currency": "inr",
        "remarks": "151sd56f4654",
        "address": [],
        "contact_person": []
    },
    "quotation": [
        {
            "id": 443,
            "quotation_id": "QT-20212",
            "transaction_date": "2024-04-02",
            "warehouse_id": "3",
            "expiry_date": null,
            "reference_no": null,
            "customer_id": "102",
            "customer_type": null,
            "customer_name": "skldfjklsdkl",
            "phone": null,
            "email": "sdfdsdfdf@gmail.com",
            "address": null,
            "currency": null,
            "package": null,
            "customer_note": "Lorem ipsum dolor sit amet consectetur adipisicing elit. Maxime illum, nisi veniam enim reprehenderit corporis molestias facilis quis magnam delectus?",
            "terms": "Lorem ipsum dolor sit amet consectetur adipisicing elit. Maxime illum, nisi veniam enim reprehenderit corporis molestias facilis quis magnam delectus?",
            "file": null,
            "subtotal": "2035",
            "shipping_charge": null,
            "adjustment_charge": null,
            "total": "2035",
            "type": null,
            "is_approved": "0",
            "created_at": "2024-04-02T07:44:14.000000Z",
            "updated_at": "2024-04-02T07:44:14.000000Z",
            "fy": "2024",
            "enteredbyid": "1",
            "organisation_id": "SH8FDJP3"
        }
    ],
    "sale_order": [
        {
            "id": 13,
            "sale_order_id": "SO-1421",
            "transaction_date": "2024-03-31",
            "warehouse_id": "3",
            "expiry_date": null,
            "shipment_date": null,
            "reference_no": null,
            "delivery_method": null,
            "customer_id": "102",
            "payment_terms": "0",
            "customer_type": null,
            "customer_name": "skldfjklsdkl",
            "phone": "9595959",
            "email": "sdfdsdfdf@gmail.com",
            "address": null,
            "currency": null,
            "package": null,
            "customer_note": null,
            "terms": null,
            "file": null,
            "subtotal": "1540.00",
            "shipping_charge": null,
            "adjustment_charge": null,
            "total": "1540.00",
            "type": null,
            "is_approved": "0",
            "created_at": "2024-03-31T13:23:10.000000Z",
            "updated_at": "2024-03-31T13:23:10.000000Z",
            "fy": "2024",
            "enteredbyid": "1",
            "organisation_id": "SH8FDJP3",
            "tcs": "0",
            "round_off": "0.00",
            "tax_amount": "0.00",
            "tax_percent": "0"
        },
        {
            "id": 14,
            "sale_order_id": "SO-1421",
            "transaction_date": "2024-03-31",
            "warehouse_id": "3",
            "expiry_date": null,
            "shipment_date": null,
            "reference_no": null,
            "delivery_method": null,
            "customer_id": "102",
            "payment_terms": "0",
            "customer_type": null,
            "customer_name": "skldfjklsdkl",
            "phone": "9595959",
            "email": "sdfdsdfdf@gmail.com",
            "address": null,
            "currency": null,
            "package": null,
            "customer_note": null,
            "terms": null,
            "file": null,
            "subtotal": "1540.00",
            "shipping_charge": null,
            "adjustment_charge": null,
            "total": "1540.00",
            "type": null,
            "is_approved": "0",
            "created_at": "2024-03-31T13:24:36.000000Z",
            "updated_at": "2024-03-31T13:24:36.000000Z",
            "fy": "2024",
            "enteredbyid": "1",
            "organisation_id": "SH8FDJP3",
            "tcs": "0",
            "round_off": "0.00",
            "tax_amount": "0.00",
            "tax_percent": "0"
        }
    ],
    "invoice": [
        {
            "id": 4,
            "invoice_id": null,
            "transaction_date": "2024-03-31",
            "warehouse_id": "3",
            "expiry_date": null,
            "payment_terms": "0",
            "reference_no": null,
            "customer_id": "102",
            "customer_type": null,
            "customer_name": "skldfjklsdkl",
            "phone": "9595959",
            "email": "sdfdsdfdf@gmail.com",
            "address": null,
            "currency": null,
            "package": null,
            "customer_note": null,
            "terms": null,
            "file": null,
            "subtotal": "660.00",
            "shipping_charge": null,
            "adjustment_charge": null,
            "total": "660.00",
            "type": null,
            "is_approved": "0",
            "created_at": "2024-03-31T18:13:05.000000Z",
            "updated_at": "2024-03-31T18:13:05.000000Z",
            "fy": "2024",
            "enteredbyid": "1",
            "organisation_id": "SH8FDJP3"
        }
    ],
    "success": true,
    "message": "User Details Retrieved Successfully."
}